/*
SQLyog Ultimate v11.11 (64 bit)
MySQL - 5.5.5-10.4.24-MariaDB : Database - pearl_beauty
*********************************************************************
*/

/*!40101 SET NAMES utf8 */;

/*!40101 SET SQL_MODE=''*/;

/*!40014 SET @OLD_UNIQUE_CHECKS=@@UNIQUE_CHECKS, UNIQUE_CHECKS=0 */;
/*!40014 SET @OLD_FOREIGN_KEY_CHECKS=@@FOREIGN_KEY_CHECKS, FOREIGN_KEY_CHECKS=0 */;
/*!40101 SET @OLD_SQL_MODE=@@SQL_MODE, SQL_MODE='NO_AUTO_VALUE_ON_ZERO' */;
/*!40111 SET @OLD_SQL_NOTES=@@SQL_NOTES, SQL_NOTES=0 */;
CREATE DATABASE /*!32312 IF NOT EXISTS*/`pearl_beauty` /*!40100 DEFAULT CHARACTER SET utf8 */;

USE `pearl_beauty`;

/*Table structure for table `beauty_products` */

DROP TABLE IF EXISTS `beauty_products`;

CREATE TABLE `beauty_products` (
  `PID` int(11) NOT NULL AUTO_INCREMENT,
  `ProductName` varchar(100) DEFAULT NULL,
  `Type` varchar(15) DEFAULT NULL,
  `Price` double DEFAULT 0,
  `Description` varchar(200) DEFAULT NULL,
  `Brand` varchar(50) DEFAULT NULL,
  `Status` varchar(10) DEFAULT 'Pending',
  `UID` int(11) DEFAULT 1,
  `State` varchar(20) DEFAULT 'Delhi',
  `Category` varchar(50) DEFAULT 'Category',
  `SubCategory` varchar(50) DEFAULT 'SubCategory',
  `Quantity` bigint(20) DEFAULT 0,
  PRIMARY KEY (`PID`)
) ENGINE=InnoDB AUTO_INCREMENT=120 DEFAULT CHARSET=utf8;

/*Data for the table `beauty_products` */

insert  into `beauty_products`(`PID`,`ProductName`,`Type`,`Price`,`Description`,`Brand`,`Status`,`UID`,`State`,`Category`,`SubCategory`,`Quantity`) values (1,'Lakme Absolute',NULL,299,NULL,NULL,'Pending',1,'Delhi','Face','Primer',0),(2,'ColorBar',NULL,399,NULL,NULL,'Pending',1,'Delhi','Face','Primer',0),(3,'Minimizing Primer Sugar',NULL,759,NULL,NULL,'Pending',1,'Delhi','Face','Primer',0),(4,'Aquaholic Hydrating Primer',NULL,664,NULL,NULL,'Pending',1,'Delhi','Face','Primer',0),(5,'Maybelline Fit me ',NULL,699,NULL,NULL,'Pending',1,'Delhi','Face','Primer',0),(6,'Sugar Contour',NULL,759,NULL,NULL,'Pending',1,'Delhi','Face','Blush',0),(7,'Maybelline Fit me Compact',NULL,180,NULL,NULL,'Pending',1,'Delhi','Face','Compact',0),(8,'Lakme Face It Compact',NULL,134,NULL,NULL,'Pending',1,'Delhi','Face','Compact',0),(9,'Maybelline Concealer',NULL,399,NULL,NULL,'Pending',1,'Delhi','Face','Concealer',0),(10,'Lakme 9To5 Liquid Concealer',NULL,299,NULL,NULL,'Pending',1,'Delhi','Face','Concealer',0),(11,'Faces Canada',NULL,139,NULL,NULL,'Pending',1,'Delhi','Face','Concealer',0),(12,'Mamaearth Foundation',NULL,557,NULL,NULL,'Pending',1,'Delhi','Face','Foundation',0),(13,'Lakme Liquid Foundation',NULL,130,NULL,NULL,'Pending',1,'Delhi','Face','Foundation',0),(14,'Colorbar Amino Skin Foundation',NULL,960,NULL,NULL,'Pending',1,'Delhi','Face','Foundation',0),(15,'Nivea(Sun Protect and Moisturizers)',NULL,450,NULL,NULL,'Pending',1,'Delhi','Skin','Sunscream',0),(16,'Joy(Sun block & anti-tan lotion)',NULL,250,NULL,NULL,'Pending',1,'Delhi','Skin','Sunscream',0),(17,'Lakme (Sun expert)',NULL,500,NULL,NULL,'Pending',1,'Delhi','Skin','Sunscream',0),(18,'BodyCare(Sunscream)',NULL,300,NULL,NULL,'Pending',1,'Delhi','Skin','Sunscream',0),(19,'Lotus Herbals(Safe sun)',NULL,200,NULL,NULL,'Pending',1,'Delhi','Skin','Sunscream',0),(20,'Swiss Beauty (Skin care serum)',NULL,250,NULL,NULL,'Pending',1,'Delhi','Skin','Skin Serum',0),(21,'Lakme Absolute(Brightening serum)',NULL,450,NULL,NULL,'Pending',1,'Delhi','Skin','Skin Serum',0),(22,'Deyga(Rose glow serum)',NULL,250,NULL,NULL,'Pending',1,'Delhi','Skin','Skin Serum',0),(23,'Natural Vibes(Vitamin C serum)',NULL,150,NULL,NULL,'Pending',1,'Delhi','Skin','Skin Serum',0),(24,'A+(High-Dose Ratinoid serum)',NULL,430,NULL,NULL,'Pending',1,'Delhi','Skin','Skin Serum',0),(25,'Nivea(Soft moisturizing cream)',NULL,350,NULL,NULL,'Pending',1,'Delhi','Skin','Moisturizer',0),(26,'CeraVa(Facial moisturizer)',NULL,200,NULL,NULL,'Pending',1,'Delhi','Skin','Moisturizer',0),(27,'Neutrogena(Oil-free moisturizer)',NULL,250,NULL,NULL,'Pending',1,'Delhi','Skin','Moisturizer',0),(28,'Clean & Clear(Dual action Moisturizer)',NULL,340,NULL,NULL,'Pending',1,'Delhi','Skin','Moisturizer',0),(29,'Cetaphil(Daily hydrating Moisturizer)',NULL,400,NULL,NULL,'Pending',1,'Delhi','Skin','Moisturizer',0),(30,'Biotique(Deep cleansing fashwash)',NULL,350,NULL,NULL,'Pending',1,'Delhi','Skin','FaceWash',0),(31,'Pond\'s(Sopt-less Glow fashwash)',NULL,420,NULL,NULL,'Pending',1,'Delhi','Skin','FaceWash',0),(32,'Nivea(Purifying fashwash)',NULL,300,NULL,NULL,'Pending',1,'Delhi','Skin','FaceWash',0),(33,'Himalaya(Purifying neem fashwash)',NULL,230,NULL,NULL,'Pending',1,'Delhi','Skin','FaceWash',0),(34,'Clean & Clear(Foaming fashwash)',NULL,245,NULL,NULL,'Pending',1,'Delhi','Skin','FaceWash',0),(35,'Himalaya(Intensive Care Lotion)',NULL,200,NULL,NULL,'Pending',1,'Delhi','Skin','Lotions',0),(36,'Parashute(Deep nourish bodylotion)',NULL,150,NULL,NULL,'Pending',1,'Delhi','Skin','Lotions',0),(37,'Nivea(Bodylotion)',NULL,350,NULL,NULL,'Pending',1,'Delhi','Skin','Lotions',0),(38,'Joy(Honey & Almonds lotion)',NULL,190,NULL,NULL,'Pending',1,'Delhi','Skin','Lotions',0),(39,'Vaseline(Cocoa glow)',NULL,185,NULL,NULL,'Pending',1,'Delhi','Skin','Lotions',0),(40,'Real Technique(Pack of 4 with blender)',NULL,530,NULL,NULL,'Pending',1,'Delhi','Tools Accessories','Foundation Brushes',0),(41,'Round Blending Brushes( Pack of 3)',NULL,400,NULL,NULL,'Pending',1,'Delhi','Tools Accessories','Foundation Brushes',0),(42,'e.l.f Brushes(Pack of 5)',NULL,550,NULL,NULL,'Pending',1,'Delhi','Tools Accessories','Foundation Brushes',0),(43,'Fenty Beauty (Round brush)',NULL,250,NULL,NULL,'Pending',1,'Delhi','Tools Accessories','Foundation Brushes',0),(44,'The Musk ( Eye shadow brush)',NULL,150,NULL,NULL,'Pending',1,'Delhi','Tools Accessories','Foundation Brushes',0),(45,'Inovera(Makeup bag)',NULL,300,NULL,NULL,'Pending',1,'Delhi','Tools Accessories','Bags Cases',0),(46,'Bagsmart(Makeup bag)',NULL,350,NULL,NULL,'Pending',1,'Delhi','Tools Accessories','Bags Cases',0),(47,'Bella bag(Portable & waterproof)',NULL,400,NULL,NULL,'Pending',1,'Delhi','Tools Accessories','Bags Cases',0),(48,'Cosmetic Bag(Slim & Portable)',NULL,250,NULL,NULL,'Pending',1,'Delhi','Tools Accessories','Bags Cases',0),(49,'Herschel(makeup kit)',NULL,200,NULL,NULL,'Pending',1,'Delhi','Tools Accessories','Bags Cases',0),(50,'Parada(Perfume spray)',NULL,300,NULL,NULL,'Pending',1,'Delhi','Tools Accessories','Perfume Bottles',0),(51,'Valentino(Rose Essence)',NULL,250,NULL,NULL,'Pending',1,'Delhi','Tools Accessories','Perfume Bottles',0),(52,'Layer\'s Wottagirl!',NULL,150,NULL,NULL,'Pending',1,'Delhi','Tools Accessories','Perfume Bottles',0),(53,'Miss Dior(Blooming Bouquet)',NULL,280,NULL,NULL,'Pending',1,'Delhi','Tools Accessories','Perfume Bottles',0),(54,'Engage',NULL,180,NULL,NULL,'Pending',1,'Delhi','Tools Accessories','Perfume Bottles',0),(55,'Peach & Black(Dryer ,Curler $ Styler)',NULL,400,NULL,NULL,'Pending',1,'Delhi','Tools Accessories','Hair Stylers',0),(56,'VEU Hair Styling Tools',NULL,450,NULL,NULL,'Pending',1,'Delhi','Tools Accessories','Hair Stylers',0),(57,'5in1 Air Wrap(Dryer,Curler,Styler)',NULL,620,NULL,NULL,'Pending',1,'Delhi','Tools Accessories','Hair Stylers',0),(58,'Havells(Multi-stylers kit 5 in 1)',NULL,650,NULL,NULL,'Pending',1,'Delhi','Tools Accessories','Hair Stylers',0),(59,'Dyson Corrale(Hair straightener)',NULL,750,NULL,NULL,'Pending',1,'Delhi','Tools Accessories','Hair Stylers',0),(60,'TRESemme Keratin Smooth',NULL,462,NULL,NULL,'Pending',1,'Delhi','Hair Care','Shampoo ',0),(61,'LOREAL Dream length Restoring ',NULL,519,NULL,NULL,'Pending',1,'Delhi','Hair Care','Shampoo',0),(62,'Dove Intense Repair',NULL,158,NULL,NULL,'Pending',1,'Delhi','Hair Care','Shampoo',0),(63,'mamaearth Onion Shampoo',NULL,349,NULL,NULL,'Pending',1,'Delhi','Hair Care','Shampoo',0),(64,'TRESemme Smooth Shine',NULL,282,NULL,NULL,'Pending',1,'Delhi','Hair Care','Conditioner',0),(65,'LOREAL Dream length Detangling',NULL,199,NULL,NULL,'Pending',1,'Delhi','Hair Care','Conditioner',0),(66,'Dove Intense Repair',NULL,149,NULL,NULL,'Pending',1,'Delhi','Hair Care','Conditioner',0),(67,'mamaearth Onion Conditioner',NULL,349,NULL,NULL,'Pending',1,'Delhi','Hair Care','Conditioner',0),(68,'LOREAL 6 OIL NOURISH ',NULL,498,NULL,NULL,'Pending',1,'Delhi','Hair Care','Hair oil',0),(69,'mamaearth Hair Oil',NULL,399,NULL,NULL,'Pending',1,'Delhi','Hair Care','Hair oil',0),(70,'Dove hair threapy NOURISHING ',NULL,1487,NULL,NULL,'Pending',1,'Delhi','Hair Care','Hair oil',0),(71,'LOREAL ELSEVE Hair Serum',NULL,599,NULL,NULL,'Pending',1,'Delhi','Hair Care','Serum',0),(72,'TRESemme HAIR SERUM',NULL,280,NULL,NULL,'Pending',1,'Delhi','Hair Care','Serum',0),(73,'mamaearth Onion Scalp Serum',NULL,349,NULL,NULL,'Pending',1,'Delhi','Hair Care','Serum',0),(74,'Lakme Insta Eye Liner ',NULL,150,NULL,NULL,'Pending',1,'Delhi','Eye','Eye Liner ',0),(75,'Lakme Pen Liner',NULL,349,NULL,NULL,'Pending',1,'Delhi','Eye','Eye Liner',0),(76,'Maybelline New York Liner',NULL,249,NULL,NULL,'Pending',1,'Delhi','Eye','Eye Liner',0),(77,'Mac Liner',NULL,640,NULL,NULL,'Pending',1,'Delhi','Eye','Eye Liner',0),(78,'Mayballine Pen Liner',NULL,420,NULL,NULL,'Pending',1,'Delhi','Eye','Eye Liner',0),(79,'Lakme Mascara',NULL,399,NULL,NULL,'Pending',1,'Delhi','Eye','Mascara',0),(80,'Maybelline Hypercurl Mascara ',NULL,260,NULL,NULL,'Pending',1,'Delhi','Eye','Mascara',0),(81,'Maybelline Mascara',NULL,320,NULL,NULL,'Pending',1,'Delhi','Eye','Mascara',0),(82,'Sugar Mascara',NULL,499,NULL,NULL,'Pending',1,'Delhi','Eye','Mascara',0),(83,'Colorbar',NULL,350,NULL,NULL,'Pending',1,'Delhi','Eye','Mascara',0),(84,'Lakme Lipstick',NULL,299,NULL,NULL,'Pending',1,'Delhi','Lips','Lipstick',0),(85,'Mayballine Lipstick',NULL,349,NULL,NULL,'Pending',1,'Delhi','Lips','Lipstick',0),(86,'Mac Lipstick',NULL,1050,NULL,NULL,'Pending',1,'Delhi','Lips','Lipstick',0),(87,'Rene Lipstick',NULL,249,NULL,NULL,'Pending',1,'Delhi','Lips','Lipstick',0),(88,'Sugar Lipstick',NULL,699,NULL,NULL,'Pending',1,'Delhi','Lips','Lipstick',0),(89,'Lakme Insta cool Kajal',NULL,192,NULL,NULL,'Pending',1,'Delhi','Eye','Kajal',0),(90,'Lakme Eyeconic Kajal',NULL,230,NULL,NULL,'Pending',1,'Delhi','Eye','Kajal',0),(91,'Maybelline Kajal',NULL,172,NULL,NULL,'Pending',1,'Delhi','Eye','Kajal',0),(92,'Mac Kajal',NULL,460,NULL,NULL,'Pending',1,'Delhi','Eye','Kajal',0),(93,'Colorbar Kajal',NULL,200,NULL,NULL,'Pending',1,'Delhi','Eye','Kajal',0),(94,'Lakme Lipliner',NULL,220,NULL,NULL,'Pending',1,'Delhi','Lips','Lip Liner',0),(95,'Sugar Lipliner ',NULL,349,NULL,NULL,'Pending',1,'Delhi','Lips','Lip Liner',0),(96,'Huda Beauty Lipliner',NULL,400,NULL,NULL,'Pending',1,'Delhi','Lips','Lip Liner',0),(97,'Nykaa Lipliner',NULL,249,NULL,NULL,'Pending',1,'Delhi','Lips','Lip Liner',0),(98,'Mac Lipliner',NULL,500,NULL,NULL,'Pending',1,'Delhi','Lips','Lip Liner',0),(99,'Maybelline Lip Balm',NULL,220,NULL,NULL,'Pending',1,'Delhi','Lips','Lip Balm',0),(100,'Lakme Lip Balm ',NULL,199,NULL,NULL,'Pending',1,'Delhi','Lips','Lip Balm',0),(101,'Himalaya Lip Balm ',NULL,45,NULL,NULL,'Pending',1,'Delhi','Lips','Lip Balm',0),(102,'Vaseline',NULL,25,NULL,NULL,'Pending',1,'Delhi','Lips','Lip Balm',0),(103,'Nivea Lip Balm',NULL,0,NULL,NULL,'Pending',1,'Delhi','Lips','Lip Balm',0),(104,'Lakme face sheer Blusher',NULL,352,NULL,NULL,'Pending',1,'Delhi','Face','Blush',0),(105,'Marie Claire Blush',NULL,215,NULL,NULL,'Pending',1,'Delhi','Face','Blush',0),(106,'Sugar Blusher',NULL,759,NULL,NULL,'Pending',1,'Delhi','Face','Blush',0),(107,'Faces Canada Compact',NULL,159,NULL,NULL,'Pending',1,'Delhi','Face','Compact',0),(108,'Pac Banana HD Powder',NULL,745,NULL,NULL,'Pending',1,'Delhi','Face','Compact',0),(109,'Sugar Banana Compact',NULL,569,NULL,NULL,'Pending',1,'Delhi','Face','Compact',0),(110,'Swiss Beauty Concealer',NULL,456,NULL,NULL,'Pending',1,'Delhi','Face','Concealer',0),(111,'Mattlook ultimate cover concealer',NULL,191,NULL,NULL,'Pending',1,'Delhi','Face','Concealer',0),(112,'Maybelline newyork FitMe Foundation',NULL,345,NULL,NULL,'Pending',1,'Delhi','Face','Foundation',0),(113,'Seven Seas silk Foundation',NULL,214,NULL,NULL,'Pending',1,'Delhi','Face','Foundation',0),(114,'Face Fwd Highlighter Stick',NULL,759,NULL,NULL,'Pending',1,'Delhi','Face','Highlighter',0),(115,'my Glam Duo Palette',NULL,370,NULL,NULL,'Pending',1,'Delhi','Face','Highlighter',0),(116,'Sugar Highlighter',NULL,379,NULL,NULL,'Pending',1,'Delhi','Face','Highlighter',0),(117,'Miss Clair',NULL,386,NULL,NULL,'Pending',1,'Delhi','Face','Highlighter',0),(118,'La Colors Highlight and Contour',NULL,325,NULL,NULL,'Pending',1,'Delhi','Face','Highlighter',0),(119,'Colorbar Face Blush',NULL,259,NULL,NULL,'Pending',1,'Delhi','Faces','Blush',0);

/*Table structure for table `myproducts` */

DROP TABLE IF EXISTS `myproducts`;

CREATE TABLE `myproducts` (
  `PID` int(11) NOT NULL AUTO_INCREMENT,
  `ProductName` varchar(100) DEFAULT NULL,
  `Type` varchar(15) DEFAULT NULL,
  `Price` double DEFAULT 0,
  `Description` varchar(200) DEFAULT NULL,
  `Brand` varchar(50) DEFAULT NULL,
  `Status` varchar(10) DEFAULT 'Pending',
  `UID` int(11) DEFAULT 1,
  `State` varchar(20) DEFAULT 'Delhi',
  `Category` varchar(50) DEFAULT 'Category',
  `SubCategory` varchar(50) DEFAULT 'SubCategory',
  `Quantity` bigint(20) DEFAULT 0,
  PRIMARY KEY (`PID`)
) ENGINE=InnoDB AUTO_INCREMENT=31 DEFAULT CHARSET=utf8;

/*Data for the table `myproducts` */

insert  into `myproducts`(`PID`,`ProductName`,`Type`,`Price`,`Description`,`Brand`,`Status`,`UID`,`State`,`Category`,`SubCategory`,`Quantity`) values (1,'Denver Deodrant Combo','deodrant',220,'The rare blend is the reminiscence of our prowess in the art of perfumery to achieve premium scents.','Denver','Pending',1,'Delhi','personal healthcare','SubCategory',0),(2,'Black Red Striped Casual Shirt','shirt',1399,NULL,'H&M','Pending',1,'Delhi','clothing','SubCategory',0),(3,'Blue Denim Jeans','jeans',1499,NULL,'Spykar','Pending',1,'Delhi','clothing','SubCategory',0),(4,'Polka dots Red Casual Shirt','shirt',899,NULL,'Diverse','Pending',1,'Delhi','clothing','SubCategory',0),(5,'Plain Black Slim fit Jeans','jeans',2099,NULL,'Levi\'s','Pending',1,'Delhi','clothing','SubCategory',0),(6,'Stylish Men Cap','cap',299,NULL,'HRX','Pending',1,'Delhi','clothing','SubCategory',0),(7,'Floral Print Men Shirt','shirt',999,NULL,'GAP','Pending',1,'Delhi','clothing','SubCategory',0),(8,'Women Top+Denim Jacket Combo','combo',2699,NULL,'Levi\'s','Pending',1,'Delhi','clothing','SubCategory',0),(9,'Black Checkered White Top','shirt',1449,NULL,'Shein','Pending',1,'Delhi','clothing','SubCategory',0),(10,'Printed Loose T-shirt','tshirt',899,NULL,'GAP','Pending',1,'Delhi','clothing','SubCategory',0),(11,'Blue Jumpsuit','jumpsuit',1600,NULL,'Shein','Pending',1,'Delhi','clothing','SubCategory',0),(12,'Floral Print Women Top','shirt',799,NULL,'Zara','Pending',1,'Delhi','clothing','SubCategory',0),(13,'Dettol Original Handwash','sanitizer',149,NULL,'Dettol','Pending',1,'Delhi','personal healthcare','SubCategory',0),(14,'Disposable Masks','mask',99,NULL,'Mankind','Pending',1,'Delhi','personal healthcare','SubCategory',0),(15,'Wow Shampoo+Conditioner Combo','shampoo',849,NULL,'Wow Skin Sciences','Pending',1,'Delhi','personal healthcare','SubCategory',0),(16,'Nivea Maximum Hydration Lotion','lotion',199,NULL,'Nivea','Pending',1,'Delhi','personal healthcare','SubCategory',0),(17,'Iphone 13 Pro Max 128','mobile phone',129000,NULL,'Apple','Pending',1,'Delhi','gadgets and accessories','SubCategory',0),(18,'Apple Watch Series 4','smart watch',29999,NULL,'Apple','Pending',1,'Delhi','gadgets and accessories','SubCategory',0),(19,'Extra Bass Wireless Headphone','headphones',18999,NULL,'Sony','Pending',1,'Delhi','gadgets and accessories','SubCategory',0),(20,'DJI Mavic Pro','drone',111805,NULL,'DJI','Pending',1,'Delhi','gadgets and accessories','SubCategory',0),(21,'Siemens Fully Automatic Washing Machine','washing machine',36599,NULL,'Siemens','Pending',1,'Delhi','Home Appliances','SubCategory',0),(22,'Havells Steam Iron','iron',2099,NULL,'Havells','Pending',1,'Delhi','Home Appliances','SubCategory',0),(23,'Samsung Side by Side 545 litre Refrigerator','refrigerator',79999,NULL,'Samsung','Pending',1,'Delhi','Home Appliances','SubCategory',0),(24,'Borosil Juicer Mixer Grinder','mixer juicer',3699,NULL,'Borosil','Pending',1,'Delhi','Home Appliances','SubCategory',0),(25,'Apple Airpods','headphone',10999,NULL,'Apple','Pending',1,'Delhi','gadgets and accessories','SubCategory',0),(26,'HP Pavillion 360 flodable i9 intel core processor laptop','laptop',148999,NULL,'HP','Pending',1,'Delhi','computers and printers','SubCategory',0),(27,'Play Station 5 ','game',59999,NULL,'Sony','Pending',1,'Delhi','computers and printers','SubCategory',0),(28,'Panasonic 14 litre Convection Microwave','microwave',16499,NULL,'Panasonic','Pending',1,'Delhi','Home Appliances','SubCategory',0),(29,'Samsung Galaxy S22','mobile phone',59999,NULL,'Samsung','Pending',1,'Delhi','gadgets and accessories','SubCategory',0),(30,'MI Horizon 32\' LED TV','television',24499,NULL,'Xiaomi','Pending',1,'Delhi','Home Appliances','SubCategory',0);

/*Table structure for table `orderinfo` */

DROP TABLE IF EXISTS `orderinfo`;

CREATE TABLE `orderinfo` (
  `OIID` bigint(20) NOT NULL AUTO_INCREMENT,
  `ProductID` bigint(20) DEFAULT NULL,
  `Quantity` int(20) DEFAULT NULL,
  `OrderNumber` bigint(20) DEFAULT NULL,
  `TotalPrice` double DEFAULT NULL,
  `ProductName` varchar(100) DEFAULT 'Product',
  `Price` double DEFAULT 0,
  PRIMARY KEY (`OIID`)
) ENGINE=InnoDB AUTO_INCREMENT=50 DEFAULT CHARSET=utf8;

/*Data for the table `orderinfo` */

insert  into `orderinfo`(`OIID`,`ProductID`,`Quantity`,`OrderNumber`,`TotalPrice`,`ProductName`,`Price`) values (1,1,1,100001,299,'Product',299),(2,2,1,100001,399,'Product',399),(3,1,2,100002,598,'Product',299),(4,4,1,100002,664,'Product',664),(5,5,1,100002,699,'Product',699),(33,89,1,100003,192,'Product',192),(34,90,1,100004,230,'Product',230),(35,20,1,100004,250,'Product',250),(36,21,1,100004,450,'Product',450),(37,24,1,100004,430,'Product',430),(38,20,1,100005,250,'Product',250),(39,21,1,100005,450,'Product',450),(40,24,1,100005,430,'Product',430),(41,67,1,100005,349,'Product',349),(42,68,1,100005,498,'Product',498),(43,15,1,100005,450,'Product',450),(44,84,1,100005,299,'Product',299),(45,1,3,100006,897,'Product',299),(46,2,3,100006,1197,'Product',399),(47,1,2,100007,598,'Lakme Absolute',299),(48,2,1,100007,399,'ColorBar',399),(49,3,2,100007,1518,'Minimizing Primer Sugar',759);

/*Table structure for table `orders` */

DROP TABLE IF EXISTS `orders`;

CREATE TABLE `orders` (
  `OID` int(11) NOT NULL AUTO_INCREMENT,
  `OrderNumber` int(11) DEFAULT 0,
  `CustomerName` varchar(50) DEFAULT 'Customer Name',
  `CustomerEmail` varchar(50) DEFAULT 'customer@gmail.com',
  `CustomerMobile` varchar(10) DEFAULT '0000000000',
  `CustomerAddress` varchar(250) DEFAULT 'No-Address',
  `BillAmount` bigint(20) DEFAULT 0,
  `OrderDate` date DEFAULT NULL,
  `Status` varchar(10) DEFAULT 'Pending',
  `UID` bigint(20) DEFAULT 1,
  PRIMARY KEY (`OID`)
) ENGINE=InnoDB AUTO_INCREMENT=24 DEFAULT CHARSET=utf8;

/*Data for the table `orders` */

insert  into `orders`(`OID`,`OrderNumber`,`CustomerName`,`CustomerEmail`,`CustomerMobile`,`CustomerAddress`,`BillAmount`,`OrderDate`,`Status`,`UID`) values (1,100001,'aa','customer@gmail.com','aaa','aaaa',698,'2022-04-07','Pending',1),(2,100002,'','customer@gmail.com','','',2720,'2022-04-08','Pending',1),(19,100003,'Customer Name','customer@gmail.com','0000000000','No-Address',192,'2023-04-16','Pending',1),(20,100004,'Customer Name','customer@gmail.com','0000000000','No-Address',1360,'2023-04-16','Cancelled',2),(21,100005,'Customer Name','customer@gmail.com','0000000000','No-Address',2956,'2023-04-17','Pending',2),(22,100006,'Customer Name','customer@gmail.com','0000000000','No-Address',2094,'2024-03-30','Pending',2),(23,100007,'Customer Name','customer@gmail.com','0000000000','No-Address',2515,'2024-03-30','Pending',2);

/*Table structure for table `parties` */

DROP TABLE IF EXISTS `parties`;

CREATE TABLE `parties` (
  `PID` bigint(20) NOT NULL AUTO_INCREMENT,
  `PartyName` varchar(50) DEFAULT NULL,
  `Votes` bigint(20) DEFAULT 0,
  PRIMARY KEY (`PID`)
) ENGINE=InnoDB AUTO_INCREMENT=4 DEFAULT CHARSET=utf8;

/*Data for the table `parties` */

insert  into `parties`(`PID`,`PartyName`,`Votes`) values (1,'AAP',18),(2,'Congress',10),(3,'BJP',3);

/*Table structure for table `products` */

DROP TABLE IF EXISTS `products`;

CREATE TABLE `products` (
  `PID` int(11) NOT NULL AUTO_INCREMENT,
  `ProductName` varchar(100) DEFAULT NULL,
  `Type` varchar(15) DEFAULT NULL,
  `Price` double DEFAULT 0,
  `Description` varchar(200) DEFAULT NULL,
  `Brand` varchar(50) DEFAULT NULL,
  `Status` varchar(10) DEFAULT 'Pending',
  `UID` int(11) DEFAULT 1,
  `State` varchar(20) DEFAULT 'Delhi',
  `Category` varchar(50) DEFAULT 'Category',
  `SubCategory` varchar(50) DEFAULT 'SubCategory',
  `Quantity` bigint(20) DEFAULT 0,
  PRIMARY KEY (`PID`)
) ENGINE=InnoDB AUTO_INCREMENT=120 DEFAULT CHARSET=utf8;

/*Data for the table `products` */

insert  into `products`(`PID`,`ProductName`,`Type`,`Price`,`Description`,`Brand`,`Status`,`UID`,`State`,`Category`,`SubCategory`,`Quantity`) values (1,'Lakme Absolute',NULL,299,NULL,'Lakme','Pending',1,'Delhi','Face','Primer',0),(2,'ColorBar',NULL,399,NULL,'ColorBar','Pending',1,'Delhi','Face','Primer',0),(3,'Minimizing Primer Sugar',NULL,759,NULL,'Sugar','Pending',1,'Delhi','Face','Primer',0),(4,'Aquaholic Hydrating Primer',NULL,664,NULL,'Aquaholic','Pending',1,'Delhi','Face','Primer',0),(5,'Maybelline Fit me ',NULL,699,NULL,'Maybelline','Pending',1,'Delhi','Face','Primer',0),(6,'Sugar Contour',NULL,759,NULL,'Sugar','Pending',1,'Delhi','Face','Blush',0),(7,'Maybelline Fit me Compact',NULL,180,NULL,'Maybelline','Pending',1,'Delhi','Face','Compact',0),(8,'Lakme Face It Compact',NULL,134,NULL,'Lakme','Pending',1,'Delhi','Face','Compact',0),(9,'Maybelline Concealer',NULL,399,NULL,'Maybelline','Pending',1,'Delhi','Face','Concealer',0),(10,'Lakme 9To5 Liquid Concealer',NULL,299,NULL,'Lakme','Pending',1,'Delhi','Face','Concealer',0),(11,'Faces Canada',NULL,139,NULL,'Faces Canada','Pending',1,'Delhi','Face','Concealer',0),(12,'Mamaearth Foundation',NULL,557,NULL,'Mamaearth','Pending',1,'Delhi','Face','Foundation',0),(13,'Lakme Liquid Foundation',NULL,130,NULL,'Lakme','Pending',1,'Delhi','Face','Foundation',0),(14,'Colorbar Amino Skin Foundation',NULL,960,NULL,'ColorBar','Pending',1,'Delhi','Face','Foundation',0),(15,'Nivea(Sun Protect and Moisturizers)',NULL,450,NULL,'Nivea','Pending',1,'Delhi','Skin','Sunscream',0),(16,'Joy(Sun block & anti-tan lotion)',NULL,250,NULL,'Joy','Pending',1,'Delhi','Skin','Sunscream',0),(17,'Lakme (Sun expert)',NULL,500,NULL,'Lakme','Pending',1,'Delhi','Skin','Sunscream',0),(18,'BodyCare(Sunscream)',NULL,300,NULL,'The Body Care','Pending',1,'Delhi','Skin','Sunscream',0),(19,'Lotus Herbals(Safe sun)',NULL,200,NULL,'Lotus Herbals','Pending',1,'Delhi','Skin','Sunscream',0),(20,'Swiss Beauty (Skin care serum)',NULL,250,NULL,'Swiss Beauty','Pending',1,'Delhi','Skin','Skin Serum',0),(21,'Lakme Absolute(Brightening serum)',NULL,450,NULL,'Lakme','Pending',1,'Delhi','Skin','Skin Serum',0),(22,'Deyga(Rose glow serum)',NULL,250,NULL,'Deyga','Pending',1,'Delhi','Skin','Skin Serum',0),(23,'Natural Vibes(Vitamin C serum)',NULL,150,NULL,'Natural Vibes','Pending',1,'Delhi','Skin','Skin Serum',0),(24,'A+(High-Dose Ratinoid serum)',NULL,430,NULL,NULL,'Pending',1,'Delhi','Skin','Skin Serum',0),(25,'Nivea(Soft moisturizing cream)',NULL,350,NULL,'Nivea','Pending',1,'Delhi','Skin','Moisturizer',0),(26,'CeraVa(Facial moisturizer)',NULL,200,NULL,'CeraVa','Pending',1,'Delhi','Skin','Moisturizer',0),(27,'Neutrogena(Oil-free moisturizer)',NULL,250,NULL,'Neutrogena','Pending',1,'Delhi','Skin','Moisturizer',0),(28,'Clean & Clear(Dual action Moisturizer)',NULL,340,NULL,'Clean & Clear','Pending',1,'Delhi','Skin','Moisturizer',0),(29,'Cetaphil(Daily hydrating Moisturizer)',NULL,400,NULL,'Cetaphil','Pending',1,'Delhi','Skin','Moisturizer',0),(30,'Biotique(Deep cleansing fashwash)',NULL,350,NULL,'Biotique','Pending',1,'Delhi','Skin','FaceWash',0),(31,'Pond\'s(Sopt-less Glow fashwash)',NULL,420,NULL,'Ponds','Pending',1,'Delhi','Skin','FaceWash',0),(32,'Nivea(Purifying fashwash)',NULL,300,NULL,'Nivea','Pending',1,'Delhi','Skin','FaceWash',0),(33,'Himalaya(Purifying neem fashwash)',NULL,230,NULL,'Himalaya','Pending',1,'Delhi','Skin','FaceWash',0),(34,'Clean & Clear(Foaming fashwash)',NULL,245,NULL,'Clean & Clear','Pending',1,'Delhi','Skin','FaceWash',0),(35,'Himalaya(Intensive Care Lotion)',NULL,200,NULL,'Himalaya','Pending',1,'Delhi','Skin','Lotions',0),(36,'Parachute(Deep nourish bodylotion)',NULL,150,NULL,'Parachute','Pending',1,'Delhi','Skin','Lotions',0),(37,'Nivea(Bodylotion)',NULL,350,NULL,'Nivea','Pending',1,'Delhi','Skin','Lotions',0),(38,'Joy(Honey & Almonds lotion)',NULL,190,NULL,'Joy','Pending',1,'Delhi','Skin','Lotions',0),(39,'Vaseline(Cocoa glow)',NULL,185,NULL,'Vaseline','Pending',1,'Delhi','Skin','Lotions',0),(40,'Real Technique(Pack of 4 with blender)',NULL,530,NULL,NULL,'Pending',1,'Delhi','Tools Accessories','Foundation Brushes',0),(41,'Round Blending Brushes( Pack of 3)',NULL,400,NULL,NULL,'Pending',1,'Delhi','Tools Accessories','Foundation Brushes',0),(42,'e.l.f Brushes(Pack of 5)',NULL,550,NULL,NULL,'Pending',1,'Delhi','Tools Accessories','Foundation Brushes',0),(43,'Fenty Beauty (Round brush)',NULL,250,NULL,NULL,'Pending',1,'Delhi','Tools Accessories','Foundation Brushes',0),(44,'The Musk ( Eye shadow brush)',NULL,150,NULL,NULL,'Pending',1,'Delhi','Tools Accessories','Foundation Brushes',0),(45,'Inovera(Makeup bag)',NULL,300,NULL,'Inovera','Pending',1,'Delhi','Tools Accessories','Bags Cases',0),(46,'Bagsmart(Makeup bag)',NULL,350,NULL,NULL,'Pending',1,'Delhi','Tools Accessories','Bags Cases',0),(47,'Bella bag(Portable & waterproof)',NULL,400,NULL,NULL,'Pending',1,'Delhi','Tools Accessories','Bags Cases',0),(48,'Cosmetic Bag(Slim & Portable)',NULL,250,NULL,NULL,'Pending',1,'Delhi','Tools Accessories','Bags Cases',0),(49,'Herschel(makeup kit)',NULL,200,NULL,NULL,'Pending',1,'Delhi','Tools Accessories','Bags Cases',0),(50,'Parada(Perfume spray)',NULL,300,NULL,NULL,'Pending',1,'Delhi','Tools Accessories','Perfume Bottles',0),(51,'Valentino(Rose Essence)',NULL,250,NULL,NULL,'Pending',1,'Delhi','Tools Accessories','Perfume Bottles',0),(52,'Layer\'s Wottagirl!',NULL,150,NULL,NULL,'Pending',1,'Delhi','Tools Accessories','Perfume Bottles',0),(53,'Miss Dior(Blooming Bouquet)',NULL,280,NULL,'Miss Dior','Pending',1,'Delhi','Tools Accessories','Perfume Bottles',0),(54,'Engage',NULL,180,NULL,'Engage','Pending',1,'Delhi','Tools Accessories','Perfume Bottles',0),(55,'Peach & Black(Dryer ,Curler $ Styler)',NULL,400,NULL,NULL,'Pending',1,'Delhi','Tools Accessories','Hair Stylers',0),(56,'VEU Hair Styling Tools',NULL,450,NULL,'VEU','Pending',1,'Delhi','Tools Accessories','Hair Stylers',0),(57,'5in1 Air Wrap(Dryer,Curler,Styler)',NULL,620,NULL,NULL,'Pending',1,'Delhi','Tools Accessories','Hair Stylers',0),(58,'Havells(Multi-stylers kit 5 in 1)',NULL,650,NULL,'Havells','Pending',1,'Delhi','Tools Accessories','Hair Stylers',0),(59,'Dyson Corrale(Hair straightener)',NULL,750,NULL,'Dyson','Pending',1,'Delhi','Tools Accessories','Hair Stylers',0),(60,'TRESemme Keratin Smooth',NULL,462,NULL,'TRESemme','Pending',1,'Delhi','Hair Care','Shampoo ',0),(61,'LOREAL Dream length Restoring ',NULL,519,NULL,'LOREAL','Pending',1,'Delhi','Hair Care','Shampoo',0),(62,'Dove Intense Repair',NULL,158,NULL,'Dove','Pending',1,'Delhi','Hair Care','Shampoo',0),(63,'mamaearth Onion Shampoo',NULL,349,NULL,'Mamaearth','Pending',1,'Delhi','Hair Care','Shampoo',0),(64,'TRESemme Smooth Shine',NULL,282,NULL,'TRESemme','Pending',1,'Delhi','Hair Care','Conditioner',0),(65,'LOREAL Dream length Detangling',NULL,199,NULL,'LOREAL','Pending',1,'Delhi','Hair Care','Conditioner',0),(66,'Dove Intense Repair',NULL,149,NULL,'Dove','Pending',1,'Delhi','Hair Care','Conditioner',0),(67,'mamaearth Onion Conditioner',NULL,349,NULL,'Mamaearth','Pending',1,'Delhi','Hair Care','Conditioner',0),(68,'LOREAL 6 OIL NOURISH ',NULL,498,NULL,'LOREAL','Pending',1,'Delhi','Hair Care','Hair oil',0),(69,'mamaearth Hair Oil',NULL,399,NULL,'Mamaearth','Pending',1,'Delhi','Hair Care','Hair oil',0),(70,'Dove hair threapy NOURISHING ',NULL,1487,NULL,'Dove','Pending',1,'Delhi','Hair Care','Hair oil',0),(71,'LOREAL ELSEVE Hair Serum',NULL,599,NULL,'LOREAL','Pending',1,'Delhi','Hair Care','Serum',0),(72,'TRESemme HAIR SERUM',NULL,280,NULL,'TRESemme','Pending',1,'Delhi','Hair Care','Serum',0),(73,'mamaearth Onion Scalp Serum',NULL,349,NULL,'Mamaearth','Pending',1,'Delhi','Hair Care','Serum',0),(74,'Lakme Insta Eye Liner ',NULL,150,NULL,'Lakme','Pending',1,'Delhi','Eye','Eye Liner ',0),(75,'Lakme Pen Liner',NULL,349,NULL,'Lakme','Pending',1,'Delhi','Eye','Eye Liner',0),(76,'Maybelline New York Liner',NULL,249,NULL,'Maybelline','Pending',1,'Delhi','Eye','Eye Liner',0),(77,'Mac Liner',NULL,640,NULL,'Mac','Pending',1,'Delhi','Eye','Eye Liner',0),(78,'Mayballine Pen Liner',NULL,420,NULL,'Maybelline','Pending',1,'Delhi','Eye','Eye Liner',0),(79,'Lakme Mascara',NULL,399,NULL,'Lakme','Pending',1,'Delhi','Eye','Mascara',0),(80,'Maybelline Hypercurl Mascara ',NULL,260,NULL,'Maybelline','Pending',1,'Delhi','Eye','Mascara',0),(81,'Maybelline Mascara',NULL,320,NULL,'Maybelline','Pending',1,'Delhi','Eye','Mascara',0),(82,'Sugar Mascara',NULL,499,NULL,'Sugar','Pending',1,'Delhi','Eye','Mascara',0),(83,'Colorbar',NULL,350,NULL,'ColorBar','Pending',1,'Delhi','Eye','Mascara',0),(84,'Lakme Lipstick',NULL,299,NULL,'Lakme','Pending',1,'Delhi','Lips','Lipstick',0),(85,'Maybelline Lipstick',NULL,349,NULL,'Maybelline','Pending',1,'Delhi','Lips','Lipstick',0),(86,'Mac Lipstick',NULL,1050,NULL,'Mac','Pending',1,'Delhi','Lips','Lipstick',0),(87,'Rene Lipstick',NULL,249,NULL,'Rene','Pending',1,'Delhi','Lips','Lipstick',0),(88,'Sugar Lipstick',NULL,699,NULL,'Sugar','Pending',1,'Delhi','Lips','Lipstick',0),(89,'Lakme Insta cool Kajal',NULL,192,NULL,'Lakme','Pending',1,'Delhi','Eye','Kajal',0),(90,'Lakme Eyeconic Kajal',NULL,230,NULL,'Lakme','Pending',1,'Delhi','Eye','Kajal',0),(91,'Maybelline Kajal',NULL,172,NULL,'Maybelline','Pending',1,'Delhi','Eye','Kajal',0),(92,'Mac Kajal',NULL,460,NULL,'Mac','Pending',1,'Delhi','Eye','Kajal',0),(93,'Colorbar Kajal',NULL,200,NULL,'ColorBar','Pending',1,'Delhi','Eye','Kajal',0),(94,'Lakme Lipliner',NULL,220,NULL,'Lakme','Pending',1,'Delhi','Lips','Lip Liner',0),(95,'Sugar Lipliner ',NULL,349,NULL,'Sugar','Pending',1,'Delhi','Lips','Lip Liner',0),(96,'Huda Beauty Lipliner',NULL,400,NULL,'Huda Beauty','Pending',1,'Delhi','Lips','Lip Liner',0),(97,'Nykaa Lipliner',NULL,249,NULL,'Nykaa','Pending',1,'Delhi','Lips','Lip Liner',0),(98,'Mac Lipliner',NULL,500,NULL,'Mac','Pending',1,'Delhi','Lips','Lip Liner',0),(99,'Maybelline Lip Balm',NULL,220,NULL,'Maybelline','Pending',1,'Delhi','Lips','Lip Balm',0),(100,'Lakme Lip Balm ',NULL,199,NULL,'Lakme','Pending',1,'Delhi','Lips','Lip Balm',0),(101,'Himalaya Lip Balm ',NULL,45,NULL,'Himalaya','Pending',1,'Delhi','Lips','Lip Balm',0),(102,'Vaseline',NULL,25,NULL,'Vaseline','Pending',1,'Delhi','Lips','Lip Balm',0),(103,'Nivea Lip Balm',NULL,0,NULL,'Nivea','Pending',1,'Delhi','Lips','Lip Balm',0),(104,'Lakme face sheer Blusher',NULL,352,NULL,'Lakme','Pending',1,'Delhi','Face','Blush',0),(105,'Miss Clair Blush',NULL,215,NULL,'Miss Clair','Pending',1,'Delhi','Face','Blush',0),(106,'Sugar Blusher',NULL,759,NULL,'Sugar','Pending',1,'Delhi','Face','Blush',0),(107,'Faces Canada Compact',NULL,159,NULL,'Faces Canada','Pending',1,'Delhi','Face','Compact',0),(108,'Pac Banana HD Powder',NULL,745,NULL,NULL,'Pending',1,'Delhi','Face','Compact',0),(109,'Sugar Banana Compact',NULL,569,NULL,'Sugar','Pending',1,'Delhi','Face','Compact',0),(110,'Swiss Beauty Concealer',NULL,456,NULL,'Swiss Beauty','Pending',1,'Delhi','Face','Concealer',0),(111,'Mattlook ultimate cover concealer',NULL,191,NULL,NULL,'Pending',1,'Delhi','Face','Concealer',0),(112,'Maybelline newyork FitMe Foundation',NULL,345,NULL,'Maybelline','Pending',1,'Delhi','Face','Foundation',0),(113,'Seven Seas silk Foundation',NULL,214,NULL,NULL,'Pending',1,'Delhi','Face','Foundation',0),(114,'Face Fwd Highlighter Stick',NULL,759,NULL,NULL,'Pending',1,'Delhi','Face','Highlighter',0),(115,'my Glam Duo Palette',NULL,370,NULL,NULL,'Pending',1,'Delhi','Face','Highlighter',0),(116,'Sugar Highlighter',NULL,379,NULL,'Sugar','Pending',1,'Delhi','Face','Highlighter',0),(117,'Miss Clair',NULL,386,NULL,'Miss Clair','Pending',1,'Delhi','Face','Highlighter',0),(118,'La Colors Highlight and Contour',NULL,325,NULL,NULL,'Pending',1,'Delhi','Face','Highlighter',0),(119,'Colorbar Face Blush',NULL,259,NULL,'ColorBar','Pending',1,'Delhi','Faces','Blush',0);

/*Table structure for table `questions` */

DROP TABLE IF EXISTS `questions`;

CREATE TABLE `questions` (
  `QID` int(10) NOT NULL AUTO_INCREMENT,
  `Question` varchar(1000) DEFAULT NULL,
  `Name` varchar(30) DEFAULT NULL,
  `CreatedOn` date DEFAULT NULL,
  `Email` varchar(50) DEFAULT NULL,
  `Status` varchar(10) DEFAULT 'New',
  `AID` int(11) DEFAULT NULL,
  PRIMARY KEY (`QID`)
) ENGINE=InnoDB AUTO_INCREMENT=79 DEFAULT CHARSET=latin1;

/*Data for the table `questions` */

insert  into `questions`(`QID`,`Question`,`Name`,`CreatedOn`,`Email`,`Status`,`AID`) values (3,'aa','Rishi','2018-03-23','mohitrishisharma@gmail.com','New',0),(4,'asda sdasd asd ','Rishi','2018-03-23','admin@gmail.com','New',0),(5,'23123123 123 1','hello','2018-03-23','hello@gmail.com','New',2),(6,'asd asd asd ','hello','2018-04-02','mohit.xxx@gmail.com','New',0),(7,'How to weight gain ','Mohit ','2018-04-02','mohit.xxx@gmail.com','New',0),(8,'How to it Wright gain','Savita','2018-04-03','savita@gmail.com','New',1),(9,'How to it Wright gain','Savita','2018-04-03','savita@gmail.com','New',1),(10,'Sffd','Savita','2018-04-03','savita@gmail.com','New',0),(11,'Green tea helps to detoxify body? ','Jyoti verma','2018-04-05','jyoti@gmail.com','New',1),(12,'qw','savita','2018-04-05','savita@gmail.com','New',0),(13,'what is weight gain.','savita','2018-04-05','savita@gmail.com','New',0),(14,'I want to meet you ','Jyoti','2018-04-05','jyoti@gmail.com','New',14),(15,'sdfg','vinay','2018-04-05','vinay@gmail.com','New',1),(16,'how to weight lose','savita','2018-04-05','savita@gmail.com','New',1),(17,'how to weight lose','vinay','2018-04-05','vinay@gmail.com','New',1),(18,'how to ','savita','2018-04-05','savita@gmail.com','New',1),(19,'how are you','savita','2018-04-05','savita@gmail.com','New',1),(20,'dff','savita','2018-04-05','savita@gmail.com','New',14),(21,'It is waiegt lose','Savita','2018-04-09','savita@gmail.com','New',0),(22,'It ie weight lose.','Savita','2018-04-09','savita@gmail.com','New',1),(23,'Is fruit wine useful for health',' vibhu','2018-04-09','vibhushitasingh@gmail.com','New',0),(24,'my question','mohit','2018-05-25','mohitrishisharma@gmail.com','New',23),(25,'ghh','shail','2018-05-25','abv@gmail.com','New',23),(26,'hjk','gaurav','2018-05-25','adf@gmail.com','New',23),(27,'fdrykh','sneha','2018-05-26','sneha.fgit@gmail.com','New',23),(28,'fdrykh','sneha','2018-05-26','sneha.fgit@gmail.com','New',23),(29,'why we are using tulshi leaf','shailja','2018-05-26','sk347970@gmail.com','New',0),(30,'why we are using','shailja saroj','2018-05-26','shailjasaroj271@gmail.com','New',0),(31,'why we are using','shailja saroj','2018-05-26','shailjasaroj271@gmail.com','New',2),(32,'sfhh','shailja','2018-05-26','shailjasaroj271@gmail.com','New',23),(33,'why','shailja','2018-05-26','sk347970@gmail.com','New',0),(34,'why important','shailja saroj','2018-05-26','shailjasaroj271@gmail.com','New',0),(35,'why using','meenu','2018-05-26','meenu123@gmail.com','New',30),(36,'why are using','shivangi ','2018-06-02','shivangi123@gmail.com','New',0),(37,'why using','meenu','2018-06-02','meenu123@gmail.com','New',31),(38,'','','2018-06-02','','New',14),(39,'benifit of tree','Garima','2018-06-07','vgarima25@gmail.com','New',23),(40,'benifits','Garima','2018-06-07','vgarima25@gmail.com','New',15),(41,'advantages','Garima','2018-06-07','vgarima25@gmail.com','New',15),(42,'advantage','Garima','2018-06-07','vgarima25@gmail.com','New',23),(43,'','','2018-06-07','','New',0),(44,'what its benifits','Garima','2018-06-07','vgarima25@gmail.com','New',23),(45,'bhtyjj','sapna','2018-06-07','rtf@gmail.com','New',0),(46,'hjg','sneha','2018-06-07','sneha.fgit@gmail.com','New',0),(47,'benifit','Garima','2018-06-07','vgarima25@gmail.com','New',15),(48,'bng','shail','2018-06-07','shailjasaroj271@gmail.com','New',23),(49,'benifit','shail','2018-06-07','shailjasaroj271@gmail.com','New',0),(50,'ghf','Garima','2018-06-07','vgarima25@gmail.com','New',0),(51,'ugh','shail','2018-06-07','shailjasaroj271@gmail.com','New',0),(52,'ugh','shail','2018-06-07','shailjasaroj271@gmail.com','New',0),(53,'benifits','shailja','2018-06-07','shailjasaroj271@gmail.com','New',0),(54,'benifits','shailja','2018-06-07','shailjasaroj271@gmail.com','New',0),(55,'hjg','shailja','2018-06-07','shailjasaroj271@gmail.com','New',0),(56,'ccd','sneha','2018-06-07','sneha.fgit@gmail.com','New',23),(57,'advantages','rita','2018-06-07','rita45@gmail.com','New',23),(58,'benifits','rita','2018-06-07','rita45@gmail.com','New',0),(59,'benifits','rita','2018-06-07','rita45@gmail.com','New',0),(60,'usefullness of tree','mohit','2018-06-07','mohitrishisharma@gmail.com','New',23),(61,'usefullness of tree','mohit','2018-06-07','mohitrishisharma@gmail.com','New',0),(62,'advantages','Garima','2018-06-07','vgarima25@gmail.com','New',30),(63,'types','gaurav','2018-06-07','gaurav45@gmail.com','New',0),(64,'opp','shailja','2018-06-07','shailjasaroj271@gmail.com','New',0),(65,'use','shailja','2018-06-07','shailjasaroj271@gmail.com','New',23),(66,'use','shailja','2018-06-07','shailjasaroj271@gmail.com','New',23),(67,'use','shailja','2018-06-07','shailjasaroj271@gmail.com','New',23),(68,'use','shailja','2018-06-07','shailjasaroj271@gmail.com','New',23),(69,'use','shailja','2018-06-07','shailjasaroj271@gmail.com','New',23),(70,'use','shailja','2018-06-07','shailjasaroj271@gmail.com','New',23),(71,'benifits','Garima','2018-06-07','vgarima25@gmail.com','New',1),(72,'benefits','shailja','2018-06-07','sneha.fgit@gmail.com','New',24),(73,'use','sneha','2018-06-07','sneha.fgit@gmail.com','New',24),(74,'types of fruits','rita','2018-06-07','rita45@gmail.com','New',24),(75,'use','mohit','2018-06-07','mohitrishisharma@gmail.com','New',33),(76,'use','motit','2018-06-08','mohitrishisharma@gmail.com','New',33),(77,'this is my query','Test','2022-03-16','test@gmail.com','New',0),(78,'asdasdas asd asd','Test','2022-03-16','test@gmail.com','New',0);

/*Table structure for table `users` */

DROP TABLE IF EXISTS `users`;

CREATE TABLE `users` (
  `UID` int(11) NOT NULL AUTO_INCREMENT,
  `UserName` varchar(30) DEFAULT NULL,
  `Email` varchar(30) DEFAULT NULL,
  `PWD` varchar(30) DEFAULT NULL,
  `Mobile` varchar(10) DEFAULT NULL,
  `UserType` varchar(20) DEFAULT 'User',
  `CreatedOn` datetime DEFAULT NULL,
  `Address` varchar(250) DEFAULT 'No Address',
  PRIMARY KEY (`UID`)
) ENGINE=InnoDB AUTO_INCREMENT=5 DEFAULT CHARSET=utf8;

/*Data for the table `users` */

insert  into `users`(`UID`,`UserName`,`Email`,`PWD`,`Mobile`,`UserType`,`CreatedOn`,`Address`) values (1,'Admin','admin@gmail.com','aa','7007502987','Admin',NULL,'No Address'),(2,'User','user@gmail.com','aa','9999999999','User',NULL,'No Address'),(4,'test','test@gmail.com','aa','7667676767','User',NULL,'testtesttesttest');

/*!40101 SET SQL_MODE=@OLD_SQL_MODE */;
/*!40014 SET FOREIGN_KEY_CHECKS=@OLD_FOREIGN_KEY_CHECKS */;
/*!40014 SET UNIQUE_CHECKS=@OLD_UNIQUE_CHECKS */;
/*!40111 SET SQL_NOTES=@OLD_SQL_NOTES */;
